{
    "LSTM": {
        "Train": [
            0.07680860161781311
        ],
        "Validation": [
            0.08345062285661697
        ],
        "Test": [
            0.13073939085006714
        ]
    },
    "GRU": {
        "Train": [],
        "Validation": [],
        "Test": []
    },
    "RNN": {
        "Train": [],
        "Validation": [],
        "Test": []
    },
    "CNN": {
        "Train": [],
        "Validation": [],
        "Test": []
    },
    "Random Forest": {
        "Train": [
            0.056331970591112925
        ],
        "Validation": [
            0.0829683613158059
        ],
        "Test": [
            0.12860808691069195
        ]
    },
    "XGB": {
        "Train": [
            0.06841699168450174
        ],
        "Validation": [
            0.08606964146350256
        ],
        "Test": [
            0.1297579747966115
        ]
    },
    "LGB": {
        "Train": [
            0.0686
        ],
        "Validation": [
            0.097
        ],
        "Test": [
            0.1599
        ]
    }
}